Subscriber,94107,14877
Subscriber,94105,11354
Subscriber,94133,6576
Customer,,6130
Subscriber,94103,4884
Subscriber,94111,4343
Subscriber,94102,4320
Subscriber,94109,3253
Subscriber,95112,2742
Subscriber,94117,2657
Subscriber,94158,2256
Subscriber,94110,1863
Subscriber,94108,1767
Subscriber,94611,1559
Subscriber,94114,1551
Subscriber,94610,1262
Subscriber,94040,1215
Subscriber,94025,1203
Subscriber,94602,1185
Subscriber,94041,1175
Subscriber,94403,1109
Subscriber,95113,1099
Customer,94107,1026
Subscriber,94122,972
Subscriber,94115,935
Subscriber,94010,931
Subscriber,94062,910
Subscriber,95110,883
Subscriber,94043,815
Subscriber,94501,807
Subscriber,94404,800
Subscriber,94609,790
Subscriber,94301,782
Subscriber,94608,781
Subscriber,94002,774
Subscriber,94118,774
Subscriber,95126,722
Subscriber,94070,717
Subscriber,94612,712
Subscriber,94131,711
Subscriber,94402,682
Subscriber,94606,678
Customer,94105,670
Subscriber,94086,644
Subscriber,94123,630
Subscriber,94104,629
Subscriber,94112,623
Subscriber,94703,602
Subscriber,94061,586
Subscriber,94116,555
Customer,94109,445
Customer,94102,444
Subscriber,94590,441
Subscriber,94087,431
Subscriber,95014,428
Subscriber,94303,427
Subscriber,94903,424
Subscriber,94618,423
Subscriber,94306,409
Subscriber,94121,408
Subscriber,94920,399
Subscriber,95032,397
Customer,94103,396
Subscriber,94550,392
Subscriber,94705,382
Customer,94133,380
Subscriber,94597,370
Subscriber,94530,369
Customer,94111,364
Subscriber,94960,356
Subscriber,94127,350
Subscriber,94702,347
Customer,95112,334
Subscriber,94549,332
Subscriber,94707,331
Customer,94110,321
Subscriber,94704,315
Subscriber,94965,314
Subscriber,94065,310
Customer,94117,308
Subscriber,94024,299
Subscriber,95051,296
Subscriber,94510,294
Subscriber,94066,288
Subscriber,94080,284
Subscriber,94939,276
Subscriber,94558,275
Subscriber,94709,267
Subscriber,95125,259
Subscriber,94925,237
Subscriber,94044,230
Subscriber,95050,230
Subscriber,94124,229
Subscriber,94941,228
Subscriber,94502,223
Subscriber,94605,220
Subscriber,94945,213
Subscriber,94930,205
Subscriber,94538,201
Subscriber,94132,200
Subscriber,94063,199
Subscriber,94085,196
Customer,94115,195
Customer,94040,181
Subscriber,94710,179
Subscriber,94952,179
Customer,94158,178
Subscriber,94619,171
Subscriber,94708,169
Customer,94123,167
Customer,94114,165
Subscriber,94588,163
Subscriber,94129,162
Subscriber,94556,159
Customer,94108,156
Subscriber,94518,156
Subscriber,94607,155
Customer,94025,153
Subscriber,94706,153
Subscriber,94565,148
Subscriber,94901,144
Subscriber,95008,138
Customer,94112,136
Subscriber,94596,136
Subscriber,94904,135
Subscriber,95129,133
Subscriber,95127,130
Subscriber,94503,130
Customer,94118,130
Subscriber,94134,129
Customer,94043,128
Customer,94131,125
Subscriber,94015,125
Subscriber,94030,123
Customer,94301,122
Customer,94306,121
Customer,94116,120
Subscriber,94552,119
Subscriber,95124,117
Subscriber,94401,116
Subscriber,95136,115
Subscriber,94534,113
Subscriber,95120,112
Subscriber,94577,111
Subscriber,94579,110
Subscriber,95377,110
Subscriber,94536,108
Customer,94941,107
Subscriber,94601,105
Subscriber,94507,105
Customer,94610,105
Subscriber,95111,102
Subscriber,95130,102
Customer,95126,101
Customer,94041,100
Subscriber,95020,100
Subscriber,94568,99
Customer,94010,99
Subscriber,95608,96
Customer,94122,96
Customer,94611,94
Subscriber,94553,93
Customer,94501,92
Customer,94303,90
Customer,94062,89
Customer,94608,88
Customer,94121,88
Subscriber,94022,84
Subscriber,95035,82
Customer,94132,82
Subscriber,94089,81
Customer,10011,80
Customer,95051,79
Subscriber,94544,79
Subscriber,94542,78
Subscriber,95138,78
Customer,94602,76
Subscriber,95060,75
Subscriber,94126,75
Subscriber,96768,74
Customer,94403,74
Subscriber,94541,73
Subscriber,94120,72
Subscriber,94587,71
Subscriber,94803,70
Customer,95113,69
Subscriber,94957,69
Subscriber,95128,68
Customer,90027,64
Customer,95125,63
Customer,94066,63
Subscriber,95070,61
Subscriber,94119,61
Subscriber,95054,60
Customer,94104,59
Customer,94086,58
Customer,95008,57
Subscriber,95118,57
Customer,10036,57
Customer,11238,56
Customer,95219,56
Customer,94704,56
Customer,95124,56
Customer,94002,56
Customer,94901,55
Customer,94609,54
Customer,94607,54
Customer,94939,54
Subscriber,94539,53
Subscriber,94555,52
Customer,94015,52
Customer,94124,51
Subscriber,99403,51
Subscriber,94014,50
Subscriber,94598,50
Customer,94606,49
Subscriber,10009,49
Customer,60613,49
Subscriber,94582,49
Customer,60657,49
Subscriber,94804,49
Customer,94134,48
Customer,94063,48
Subscriber,94519,48
Subscriber,95131,48
Customer,94127,47
Customer,94549,46
Subscriber,95139,45
Customer,94087,45
Customer,94404,45
Customer,94061,44
Customer,94618,44
Customer,94402,44
Subscriber,90291,44
Customer,95110,44
Subscriber,2139,42
Customer,98101,42
Customer,10019,41
Customer,98103,41
Customer,95129,40
Customer,10022,40
Customer,90210,40
Subscriber,93930,40
Customer,10003,39
Subscriber,94545,39
Customer,2139,39
Customer,95014,39
Customer,94129,39
Customer,13502,39
Customer,94597,38
Customer,94070,38
Customer,95035,38
Customer,10014,38
Customer,94612,38
Customer,84123,38
Customer,94702,38
Customer,94401,38
Customer,95030,37
Customer,94568,37
Subscriber,94621,36
Subscriber,94566,36
Customer,94538,36
Customer,94920,35
Customer,10025,34
Subscriber,94146,34
Customer,10009,34
Subscriber,94546,34
Customer,94510,34
Customer,95131,34
Customer,10012,34
Customer,94014,33
Customer,2115,33
Subscriber,95116,33
Subscriber,94005,33
Customer,94539,33
Subscriber,95109,33
Customer,10010,33
Subscriber,95815,32
Customer,95050,32
Customer,95128,32
Customer,94022,32
Customer,94705,32
Subscriber,95062,32
Customer,91104,32
Customer,95070,32
Subscriber,94027,31
Customer,94566,31
Customer,94709,31
Subscriber,95066,31
Customer,92612,31
Customer,75002,30
Customer,98122,30
Customer,94706,30
Customer,94598,30
Customer,10021,30
Customer,68138,30
Customer,92037,30
Subscriber,94164,30
Customer,94024,29
Customer,10016,29
Subscriber,95448,29
Customer,94080,29
Customer,11373,29
Subscriber,95472,28
Customer,94601,28
Subscriber,94310,28
Subscriber,95746,28
Customer,8540,28
Customer,11215,28
Customer,95123,28
Customer,10044,28
Customer,94563,28
Customer,94804,27
Customer,94559,27
Customer,60622,27
Customer,11201,27
Customer,20009,27
Customer,90046,27
Customer,94960,27
Subscriber,95348,26
Customer,94707,26
Customer,20001,26
Customer,94550,26
Customer,78705,26
Customer,2118,26
Customer,94588,26
Subscriber,91320,25
Customer,94085,25
Customer,10023,25
Customer,94703,25
Customer,60614,25
Customer,95060,25
Customer,21202,25
Subscriber,94305,24
Customer,94546,24
Subscriber,97214,24
Customer,94558,24
Customer,94577,24
Customer,80206,24
Customer,96145,24
Subscriber,94039,24
Customer,95032,24
Customer,94564,24
Customer,95724,24
Subscriber,94559,24
Customer,10128,23
Customer,95136,23
Customer,94619,23
Customer,94044,23
Customer,94965,23
Customer,14706,23
Customer,94903,23
Customer,11222,23
Customer,95037,22
Customer,90024,22
Customer,94305,22
Customer,94710,22
Customer,95132,22
Customer,60091,22
Customer,94089,22
Customer,19147,22
Customer,98102,22
Subscriber,95037,22
Customer,2127,22
Customer,95127,22
Customer,94565,22
Customer,94544,21
Customer,90028,21
Customer,95148,21
Subscriber,95864,21
Customer,94587,21
Customer,10001,21
Customer,92130,20
Customer,90019,20
Subscriber,95404,20
Customer,95054,20
Customer,91402,20
Customer,34747,20
Customer,10024,20
Customer,8102,20
Customer,98115,20
Customer,92840,20
Customer,95134,20
Customer,98105,19
Customer,94304,19
Customer,33304,19
Customer,90025,19
Customer,94530,19
Customer,95111,19
Customer,91362,19
Customer,10026,19
Customer,85306,19
Customer,95616,19
Customer,67601,19
Customer,94019,19
Customer,95762,18
Customer,95023,18
Customer,95003,18
Customer,92122,18
Customer,84108,18
Customer,92067,18
Customer,90066,18
Customer,28034,18
Subscriber,94304,18
Customer,94130,18
Customer,91354,18
Customer,95118,18
Customer,10013,18
Customer,92021,18
Customer,94583,18
Customer,95120,18
Customer,94952,18
Customer,10018,18
Customer,92024,18
Customer,44780,18
Customer,90212,18
Customer,92103,18
Customer,90274,18
Customer,59937,17
Customer,10027,17
Customer,12345,17
Subscriber,94966,17
Customer,60601,17
Customer,11211,17
Customer,91770,17
Customer,80305,17
Customer,50010,17
Customer,11103,17
Subscriber,94103-2585,17
Customer,94518,17
Customer,94591,17
Customer,95122,17
Customer,95116,17
Subscriber,94551,17
Subscriber,9501,17
Customer,9401,17
Customer,60608,17
Customer,94805,16
Customer,1135,16
Customer,91105,16
Customer,78757,16
Customer,2144,16
Customer,95109,16
Customer,94904,16
Customer,96160,16
Customer,55105,16
Customer,28208,16
Customer,46168,16
Customer,94556,16
Subscriber,94547,16
Customer,94348,16
Customer,94595,16
Customer,95117,16
Customer,92101,16
Customer,85203,15
Customer,90405,15
Customer,94930,15
Customer,11040,15
Customer,94605,15
Customer,92660,15
Customer,90049,15
Customer,90020,15
Customer,15601,15
Customer,94030,15
Customer,97217,15
Subscriber,95122,15
Customer,21054,15
Customer,60565,15
Customer,92120,15
Customer,20008,15
Customer,89450,15
Customer,90026,15
Customer,83001,15
Customer,12000,15
Customer,15215,15
Customer,45400,15
Customer,94925,15
Customer,95472,15
Customer,96047,15
Customer,94541,14
Customer,97214,14
Customer,33000,14
Customer,92104,14
Customer,80209,14
Customer,80226,14
Customer,60615,14
Customer,97701,14
Customer,10115,14
Customer,94596,14
Customer,94521,14
Customer,19103,14
Subscriber,94526,14
Customer,92029,14
Subscriber,94563,14
Customer,91007,14
Customer,8504,14
Customer,11963,14
Customer,95138,14
Subscriber,94589,14
Customer,37205,14
Customer,92117,14
Customer,92014,14
Customer,20002,14
Customer,1121,14
Customer,95020,14
Customer,5401,14
Customer,20005,14
Customer,91605,14
Customer,95033,14
Customer,92688,14
Customer,85281,14
Customer,83340,13
Customer,94507,13
Customer,95130,13
Customer,6012,13
Customer,93312,13
Customer,11740,13
Customer,94561,13
Customer,90029,13
Customer,90034,13
Customer,94949,13
Customer,84020,13
Customer,95404,13
Customer,93510,13
Customer,2116,13
Customer,60647,13
Customer,5511,13
Customer,78704,13
Customer,98109,13
Customer,11231,13
Customer,92627,13
Subscriber,95015,13
Customer,94513,13
Customer,77005,13
Customer,33131,13
Customer,93110,13
Customer,89503,13
Customer,60148,13
Customer,94536,13
Customer,95476,12
Customer,98166,12
Customer,60625,12
Customer,91950,12
Subscriber,94583,12
Subscriber,22206,12
Customer,84103,12
Customer,60654,12
Customer,95121,12
Customer,90401,12
Customer,95818,12
Customer,77008,12
Customer,2068,12
Customer,95521,12
Customer,90017,12
Customer,91024,12
Customer,1093,12
Customer,60007,12
Customer,33160,12
Customer,2138,12
Customer,92373,12
Customer,9410,12
Customer,27705,12
Customer,2128,12
Customer,2215,12
Customer,95062,12
Customer,8006,12
Customer,94506,12
Customer,28300,12
Customer,92705,12
Customer,53563,12
Customer,94542,12
Customer,91214,12
Customer,94590,12
Customer,84606,12
Customer,91103,12
Customer,94947,12
Customer,91011,12
Customer,94526,12
Customer,91326,12
Customer,2460,12
Customer,90277,12
Customer,48198,12
Customer,7604,12
Customer,29651,11
Customer,89117,11
Customer,33134,11
Customer,94553,11
Customer,4022,11
Customer,95645,11
Customer,94018,11
Customer,90220,11
Customer,95608,11
Customer,8144,11
Customer,99801,11
Customer,22314,11
Subscriber,94977,11
Customer,2906,11
Customer,15238,11
Customer,60640,11
Customer,14858,11
Customer,95824,11
Subscriber,94564,11
Customer,37206,11
Customer,94945,11
Customer,81301,11
Customer,1890,11
Customer,29708,11
Customer,6518,11
Customer,89511,11
Customer,94509,11
Customer,2478,11
Customer,95816,11
Customer,85224,11
Customer,6877,11
Customer,49720,11
Customer,87505,11
Customer,30305,11
Customer,11237,11
Customer,92630,11
Customer,11217,11
Customer,94005,11
Subscriber,95370,11
Subscriber,94130,11
Customer,10028,11
Customer,94523,11
Customer,80127,11
Customer,90266,11
Customer,98121,11
Subscriber,94805,10
Subscriber,60622,10
Customer,95833,10
Customer,48105,10
Customer,94502,10
Customer,92663,10
Customer,3290,10
Customer,57186,10
Customer,5017,10
Customer,8812,10
Customer,94806,10
Customer,80304,10
Customer,90064,10
Customer,3513,10
Customer,68304,10
Customer,55305,10
Customer,89052,10
Customer,9158,10
Customer,90404,10
Customer,90713,10
Customer,7030,10
Customer,98126,10
Customer,2148,10
Subscriber,94949,10
Customer,2143,10
Customer,77018,10
Customer,90742,10
Customer,34997,10
Customer,60618,10
Customer,98144,10
Customer,97212,10
Customer,60514,10
Customer,95076,10
Customer,92648,10
Customer,30319,10
Customer,91411,10
Customer,91801,10
Customer,90291,10
Customer,27615,10
Customer,95628,10
Customer,85251,10
Customer,21234,10
Customer,92618,10
Customer,90069,10
Customer,93923,10
Customer,87122,10
Customer,21030,10
Customer,33133,10
Customer,93940,10
Customer,40203,10
Customer,44114,9
Customer,44122,9
Customer,80301,9
Customer,90230,9
Customer,78613,9
Customer,22209,9
Customer,68516,9
Customer,91780,9
Customer,95819,9
Subscriber,95135,9
Customer,27103,9
Customer,95104,9
Customer,92115,9
Customer,91316,9
Customer,50266,9
Customer,30030,9
Customer,56279,9
Customer,90036,9
Customer,20003,9
Customer,80014,9
Customer,91202,9
Customer,94560,9
Customer,98117,9
Customer,93109,9
Customer,98296,9
Customer,48103,9
Customer,10002,9
Customer,3801,9
Customer,92128,9
Customer,85044,9
Customer,77002,9
Customer,95119,9
Customer,2874,9
Customer,90802,9
Customer,91745,9
Customer,94119,9
Customer,97202,9
Customer,43560,9
Customer,92870,9
Customer,1772,9
Customer,75010,9
Customer,35134,9
Customer,98116,9
Customer,68131,9
Customer,55417,9
Customer,90292,9
Customer,11206,9
Customer,3006,9
Customer,52788,9
Customer,19104,9
Customer,94582,9
Customer,93905,9
Customer,93111,9
Customer,1778,9
Customer,89149,9
Customer,30079,9
Customer,85213,9
Customer,22903,9
Customer,33139,9
Customer,90048,9
Customer,93933,9
Customer,95065,9
Customer,97008,9
Customer,77007,9
Customer,19143,8
Customer,94090,8
Customer,76249,8
Customer,4813,8
Customer,1576,8
Subscriber,94523,8
Customer,1001,8
Customer,85295,8
Customer,18947,8
Customer,80442,8
Customer,90035,8
Customer,55405,8
Customer,34203,8
Customer,95864,8
Customer,60611,8
Customer,93726,8
Customer,90275,8
Customer,94028,8
Customer,54911,8
Customer,89509,8
Customer,11358,8
Customer,10701,8
Customer,80204,8
Customer,80131,8
Customer,44534,8
Customer,11377,8
Customer,34683,8
Customer,75061,8
Customer,1234,8
Customer,90813,8
Customer,75244,8
Customer,6700,8
Customer,30324,8
Customer,91911,8
Customer,43212,8
Customer,72762,8
Customer,84121,8
Customer,55408,8
Customer,93041,8
Customer,70130,8
Customer,92763,8
Customer,87015,8
Customer,75003,8
Customer,30309,8
Customer,6878,8
Customer,30075,8
Customer,3933,8
Customer,94126,8
Customer,93309,8
Customer,80012,8
Customer,48188,8
Customer,90012,8
Customer,21029,8
Customer,63130,8
Customer,90814,8
Customer,53217,8
Customer,78209,8
Customer,1757,8
Customer,91914,8
Customer,94579,8
Customer,95380,8
Customer,21412,8
Customer,97209,8
Customer,93401,8
Customer,2476,8
Customer,90620,8
Customer,8030,8
Customer,21044,8
Customer,14226,8
Customer,97006,8
Customer,50219,8
Customer,92109,8
Customer,10038,8
Customer,84604,8
Customer,95926,8
Customer,40502,8
Customer,92126,8
Customer,80027,8
Customer,11968,8
Customer,84092,7
Customer,92007,7
Customer,7050,7
Customer,97526,7
Customer,92324,7
Customer,91505,7
Customer,98188,7
Customer,80528,7
Customer,51899,7
Customer,19355,7
Customer,2421,7
Customer,22201,7
Customer,80205,7
Customer,98112,7
Customer,93270,7
Customer,3060,7
Customer,94042,7
Customer,97239,7
Customer,33040,7
Customer,94551,7
Customer,60304,7
Customer,33156,7
Customer,60606,7
Customer,21254,7
Customer,98052,7
Subscriber,95814,7
Customer,46614,7
Customer,60610,7
Customer,11370,7
Customer,19462,7
Customer,60035,7
Customer,91765,7
Customer,98199,7
Customer,90254,7
Customer,94545,7
Customer,94578,7
Customer,44074,7
Customer,7869,7
Customer,93021,7
Customer,11106,7
Customer,93711,7
Customer,15217,7
Customer,53703,7
Customer,53562,7
Customer,19119,7
Customer,10098,7
Customer,90505,7
Customer,43215,7
Customer,9470,7
Customer,98332,7
Customer,37923,7
Customer,55116,7
Customer,80108,7
Customer,85004,7
Customer,11226,7
Subscriber,94188,7
Customer,92651,7
Customer,20010,7
Customer,94233,7
Customer,92111,7
Customer,70129,7
Customer,80111,7
Customer,59715,7
Customer,80303,7
Customer,60201,7
Customer,85282,7
Customer,30338,7
Customer,97462,7
Customer,33193,7
Customer,52078,7
Customer,97601,7
Customer,94708,7
Customer,11101,7
Customer,92106,7
Customer,97211,7
Customer,94720,7
Customer,80203,7
Subscriber,95148,7
Customer,65814,7
Customer,90621,7
Customer,89109,7
Customer,91789,7
Customer,2888,7
Customer,90403,7
Customer,81435,7
Customer,95139,7
Customer,15221,7
Customer,99516,7
Customer,55812,7
Customer,91748,7
Customer,33154,7
Customer,85042,6
Customer,95053,6
Customer,11205,6
Customer,20016,6
Customer,55413,6
Customer,60015,6
Customer,92124,6
Customer,92626,6
Subscriber,95123,6
Customer,85215,6
Customer,94100,6
Customer,92882,6
Customer,87327,6
Customer,95337,6
Customer,6033,6
Customer,95066,6
Customer,93405,6
Customer,20164,6
Customer,6510,6
Customer,92646,6
Customer,92057,6
Customer,2120,6
Customer,95928,6
Customer,80443,6
Subscriber,94019,6
Customer,92092,6
Customer,5053,6
Customer,90211,6
Customer,2360,6
Customer,93063,6
Customer,23510,6
Customer,7023,6
Customer,33487,6
Customer,55316,6
Customer,85745,6
Customer,84405,6
Customer,92127,6
Customer,2465,6
Customer,84109,6
Customer,45220,6
Customer,15232,6
Customer,45116,6
Customer,75044,6
Customer,97222,6
Customer,93950,6
Customer,33868,6
Customer,46208,6
Customer,91040,6
Customer,63112,6
Customer,95635,6
Customer,53558,6
Customer,83233,6
Customer,93117,6
Customer,53705,6
Customer,6512,6
Customer,98407,6
Customer,98501,6
Customer,97206,6
Customer,30303,6
Customer,53578,6
Customer,1719,6
Customer,67202,6
Customer,90623,6
Customer,10583,6
Customer,73013,6
Customer,91377,6
Customer,91106,6
Customer,81541,6
Customer,10007,6
Customer,30080,6
Customer,90004,6
Customer,90703,6
Customer,95133,6
Customer,87508,6
Customer,85034,6
Customer,22204,6
Customer,18960,6
Customer,95310,6
Customer,32816,6
Customer,2882,6
Customer,76104,6
Customer,45030,6
Customer,60641,6
Customer,98065,6
Customer,89519,6
Customer,72701,6
Customer,76017,6
Customer,2134,6
Customer,94534,6
Subscriber,98040,6
Subscriber,94018,6
Customer,61801,6
Customer,7882,6
Customer,91006,6
Customer,56006,6
Customer,89074,6
Customer,93955,6
Customer,92602,6
Customer,90501,6
Customer,92054,6
Customer,53202,6
Customer,28307,6
Customer,55406,6
Subscriber,95391,6
Customer,93657,6
Customer,80306,6
Customer,94599,6
Customer,10706,6
Customer,60193,6
Customer,94505,6
Customer,96815,6
Customer,92694,6
Customer,55803,6
Customer,46074,6
Customer,92166,6
Customer,77520,6
Customer,61705,6
Customer,89144,6
Customer,78840,6
Customer,94519,6
Customer,76039,6
Customer,95618,6
Customer,85710,6
Customer,4043,6
Customer,11545,6
Customer,19123,6
Customer,3350,6
Customer,97215,6
Customer,92507,6
Customer,19803,6
Customer,19702,6
Customer,90250,5
Customer,32605,5
Customer,92421,5
Customer,27617,5
Customer,55128,5
Customer,8383,5
Customer,92592,5
Customer,60602,5
Subscriber,94302,5
Customer,94585,5
Customer,90305,5
Customer,29707,5
Customer,85327,5
Customer,60532,5
Customer,77054,5
Customer,91420,5
Customer,55343,5
Customer,2016,5
Customer,33800,5
Customer,84060,5
Customer,56001,5
Customer,7748,5
Customer,95465,5
Customer,95377,5
Subscriber,90069,5
Customer,33458,5
Customer,33137,5
Customer,80919,5
Customer,90278,5
Customer,85021,5
Customer,77450,5
Customer,3765,5
Customer,66047,5
Customer,20060,5
Customer,58260,5
Customer,4240,5
Customer,98004,5
Customer,18064,5
Customer,53213,5
Subscriber,94042,5
Subscriber,95650,5
Customer,7718,5
Customer,75201,5
Customer,6022,5
Customer,95687,5
Customer,75223,5
Customer,98005,5
Customer,9812,5
Customer,93619,5
Customer,10069,5
Customer,43085,5
Customer,75080,5
Customer,81675,5
Customer,90803,5
Customer,92807,5
Customer,20885,5
Customer,94512,5
Customer,33129,5
Customer,80210,5
Customer,32951,5
Customer,14850,5
Customer,15203,5
Customer,55416,5
Customer,45645,5
Customer,84105,5
Customer,38139,5
Customer,6511,5
Customer,6812,5
Customer,94046,5
Customer,1450,5
Customer,1050,5
Customer,60402,5
Customer,8823,5
Customer,14534,5
Customer,60607,5
Customer,80435,5
Customer,10004,5
Customer,91224,5
Customer,8534,5
Customer,11023,5
Customer,91744,5
Customer,47613,5
Customer,6359,5
Customer,11229,5
Customer,97133,5
Customer,92102,5
Customer,91506,5
Customer,13126,5
Customer,2141,5
Customer,10065,5
Customer,1071,5
Customer,97201,5
Customer,92009,5
Customer,43206,5
Customer,90815,5
Customer,6902,5
Customer,48638,5
Customer,35203,5
Customer,20036,5
Customer,95401,5
Customer,99504,5
Customer,20136,5
Customer,7306,5
Customer,94065,5
Customer,89081,5
Customer,91915,5
Customer,2125,5
Customer,10033,5
Subscriber,95134,5
Customer,97330,5
Customer,64111,5
Customer,84003,5
Customer,84741,5
Customer,60661,5
Customer,2114,5
Customer,80124,5
Subscriber,97408,5
Customer,22066,5
Customer,1369,5
Customer,29201,5
Customer,7006,5
Customer,94803,5
Customer,98177,5
Customer,92691,5
Customer,30167,5
Customer,48823,5
Customer,7850,5
Subscriber,94140,5
Customer,41017,5
Customer,33016,5
Customer,55410,5
Customer,22203,5
Customer,91604,5
Customer,94503,5
Customer,60076,5
Customer,8208,5
Customer,16801,5
Customer,3510,5
Customer,11104,5
Customer,78260,5
Customer,94450,5
Customer,91601,5
Customer,57106,5
Customer,64343,5
Customer,78240,4
Customer,77003,4
Customer,95820,4
Customer,31170,4
Customer,40515,4
Customer,74137,4
Customer,98037,4
Customer,70065,4
Customer,87111,4
Customer,96793,4
Customer,77046,4
Customer,65510,4
Customer,75024,4
Customer,91504,4
Customer,55306,4
Customer,94515,4
Customer,92653,4
Customer,2451,4
Customer,72202,4
Customer,10580,4
Customer,90071,4
Customer,44120,4
Customer,98119,4
Customer,77025,4
Customer,29910,4
Customer,80003,4
Customer,92629,4
Customer,84720,4
Customer,93449,4
Customer,85258,4
Customer,55113,4
Customer,33912,4
Customer,98032,4
Customer,85388,4
Customer,80503,4
Customer,94101,4
Customer,78266,4
Customer,48430,4
Customer,92262,4
Customer,61073,4
Customer,90804,4
Customer,8527,4
Customer,97224,4
Customer,22309,4
Customer,47720,4
Customer,5100,4
Customer,1205,4
Customer,55330,4
Customer,11021,4
Customer,92008,4
Customer,6107,4
Customer,73012,4
Customer,14623,4
Customer,95923,4
Customer,97068,4
Customer,87571,4
Customer,89123,4
Customer,82070,4
Customer,90201,4
Customer,5482,4
Customer,92678,4
Customer,12577,4
Customer,93446,4
Customer,69300,4
Customer,60070,4
Customer,66525,4
Customer,78232,4
Customer,71642,4
Customer,60140,4
Customer,92107,4
Customer,2283,4
Customer,1940,4
Customer,7310,4
Customer,40133,4
Subscriber,32137,4
Customer,1602,4
Customer,91406,4
Customer,94212,4
Customer,32826,4
Customer,27609,4
Customer,2042,4
Customer,77004,4
Customer,78230,4
Customer,1742,4
Customer,22043,4
Customer,33140,4
Customer,92808,4
Customer,33411,4
Customer,6100,4
Customer,90262,4
Customer,6483,4
Customer,2145,4
Customer,89139,4
Customer,98926,4
Customer,21224,4
Subscriber,20010,4
Customer,95381,4
Customer,91711,4
Customer,95010,4
Customer,60045,4
Customer,97031,4
Customer,2032,4
Customer,3833,4
Customer,2111,4
Customer,91702,4
Customer,18018,4
Customer,91047,4
Customer,7090,4
Customer,92886,4
Customer,30316,4
Customer,85280,4
Customer,91201,4
Customer,68283,4
Customer,96822,4
Customer,11120,4
Customer,31207,4
Customer,21043,4
Customer,46220,4
Customer,1008,4
Customer,84780,4
Customer,78701,4
Customer,7086,4
Customer,95825,4
Customer,44256,4
Customer,98054,4
Customer,95206,4
Customer,16816,4
Customer,90755,4
Customer,92656,4
Customer,38478,4
Customer,10514,4
Customer,10029,4
Customer,91042,4
Customer,90245,4
Customer,89436,4
Customer,90032,4
Customer,99349,4
Customer,2142,4
Customer,30605,4
Customer,3225,4
Customer,26122,4
Customer,6605,4
Customer,28209,4
Customer,91436,4
Customer,7661,4
Customer,15213,4
Customer,93103,4
Customer,32312,4
Customer,92116,4
Customer,28020,4
Customer,11232,4
Customer,96816,4
Customer,63796,4
Customer,48220,4
Customer,84037,4
Customer,60642,4
Customer,98056,4
Customer,92861,4
Customer,95746,4
Customer,20147,4
Customer,95135,4
Customer,43201,4
Customer,28711,4
Customer,7470,4
Customer,75248,4
Customer,94027,4
Customer,17050,4
Customer,78721,4
Customer,95822,4
Customer,77459,4
Customer,97210,4
Customer,10032,4
Customer,95831,4
Customer,48130,4
Customer,96130,4
Customer,32806,4
Customer,93924,4
Customer,6489,4
Customer,9061,4
Customer,92866,4
Customer,6880,4
Customer,58102,4
Customer,2452,4
Customer,85018,4
Customer,96813,4
Customer,10973,4
Customer,33770,4
Customer,22911,4
Customer,33143,4
Customer,34786,4
Customer,43081,4
Customer,92780,4
Customer,92284,4
Customer,27455,4
Customer,90807,4
Customer,95811,4
Customer,15140,4
Customer,70180,4
Customer,91361,4
Customer,92129,4
Customer,84721,4
Customer,82152,4
Customer,80113,4
Customer,95826,4
Customer,94552,4
Customer,1701,4
Customer,35243,4
Customer,8032,4
Customer,7094,4
Customer,92704,4
Customer,5753,4
Customer,20024,4
Customer,91206,4
Customer,78201,4
Customer,54601,4
Customer,80130,4
Customer,84040,4
Customer,63146,4
Customer,75093,4
Customer,11216,4
Customer,19341,4
Customer,8103,4
Customer,91001,4
Customer,10990,4
Customer,78212,4
Customer,80538,4
Customer,55331,4
Customer,13124,4
Customer,92100,4
Customer,10138,4
Customer,3184,4
Customer,33175,4
Customer,94017,4
Customer,91342,4
Customer,87107,4
Customer,33029,4
Customer,22302,4
Customer,78100,4
Customer,98104,4
Customer,9135,4
Customer,76049,4
Customer,48073,4
Customer,83712,4
Customer,22181,4
Customer,2445,4
Customer,2512,4
Customer,2043,4
Customer,37922,4
Customer,6016,4
Customer,40057,4
Customer,19714,4
Customer,79912,4
Customer,91803,4
Customer,32266,4
Customer,95410,4
Customer,40056,4
Customer,95403,4
Customer,30308,4
Customer,75219,4
Customer,94531,4
Customer,20190,4
Customer,37828,4
Customer,92234,4
Customer,2480,4
Customer,24014,4
Customer,93705,4
Customer,4810,4
Customer,94928,4
Customer,94802,4
Customer,95307,4
Customer,78202,4
Customer,92121,4
Customer,92058,4
Customer,70503,4
Customer,93013,4
Customer,85262,4
Customer,10463,4
Customer,8830,4
Customer,11111,4
Customer,48038,4
Customer,33012,4
Customer,80308,4
Customer,80212,4
Customer,75218,4
Customer,33178,4
Subscriber,48237,4
Customer,55101,4
Customer,86023,4
Customer,94957,4
Customer,9462,4
Customer,11530,4
Customer,95336,4
Customer,84102,4
Customer,92501,4
Customer,48063,4
Customer,99867,4
Customer,92003,4
Customer,95993,4
Customer,27514,3
Customer,80120,3
Customer,84341,3
Customer,8088,3
Customer,85006,3
Customer,26007,3
Customer,7621,3
Customer,10709,3
Customer,85365,3
Customer,20176,3
Customer,60521,3
Customer,12144,3
Customer,1945,3
Customer,4025,3
Subscriber,10038,3
Customer,39110,3
Customer,8648,3
Customer,92708,3
Customer,92399,3
Customer,95722,3
Customer,30327,3
Customer,3083,3
Customer,81601,3
Customer,60143,3
Customer,11937,3
Customer,77070,3
Customer,91030,3
Customer,3101,3
Customer,95814,3
Customer,58231,3
Customer,95677,3
Customer,89130,3
Customer,92118,3
Customer,5067,3
Customer,19106,3
Customer,2446,3
Customer,21904,3
Customer,90710,3
Customer,92879,3
Customer,94547,3
Customer,94410,3
Customer,33990,3
Customer,91941,3
Customer,19145,3
Customer,99223,3
Customer,1505,3
Customer,48108,3
Customer,95164,3
Customer,78660,3
Customer,6480,3
Customer,7080,3
Customer,93926,3
Customer,63445,3
Customer,9200,3
Customer,77072,3
Customer,81243,3
Customer,85234,3
Customer,95355,3
Customer,93720,3
Customer,95936,3
Customer,21409,3
Customer,94343,3
Customer,94589,3
Customer,11105,3
Customer,90065,3
Customer,55401,3
Customer,30082,3
Customer,2852,3
Customer,7675,3
Customer,19116,3
Customer,59044,3
Customer,45322,3
Customer,66208,3
Customer,86351,3
Customer,10607,3
Customer,32308,3
Customer,80521,3
Customer,11102,3
Customer,1141,3
Customer,32815,3
Customer,59800,3
Customer,32821,3
Customer,2129,3
Customer,47711,3
Customer,60093,3
Customer,91913,3
Customer,96826,3
Customer,60062,3
Customer,21209,3
Customer,77573,3
Customer,84000,3
Customer,1886,3
Customer,94517,3
Customer,49503,3
Customer,92867,3
Customer,2453,3
Customer,78750,3
Customer,95207,3
Customer,80211,3
Customer,11791,3
Customer,63109,3
Customer,99999,3
Customer,1414,3
Customer,10543,3
Customer,95817,3
Customer,91205,3
Customer,28409,3
Customer,4800,3
Customer,25219,3
Customer,7183,3
Customer,11427,3
Customer,1824,3
Customer,98033,3
Customer,93730,3
Customer,11793,3
Customer,6204,3
Customer,76829,3
Customer,96001,3
Customer,77840,3
Customer,53212,3
Customer,27713,3
Customer,75070,3
Customer,8837,3
Customer,4102,3
Customer,11703,3
Customer,28806,3
Customer,19406,3
Customer,23508,3
Customer,94592,3
Customer,11577,3
Customer,32955,3
Customer,26987,3
Customer,73071,3
Customer,22003,3
Customer,11374,3
Customer,89501,3
Customer,91356,3
Customer,10060,3
Customer,94203,3
Customer,22031,3
Customer,10017,3
Customer,60564,3
Customer,90745,3
Customer,96146,3
Customer,3755,3
Customer,14201,3
Customer,8053,3
Customer,95212,3
Customer,20037,3
Customer,90503,3
Customer,11771,3
Customer,20815,3
Customer,98110,3
Customer,19444,3
Customer,80501,3
Customer,95435,3
Customer,2150,3
Customer,90272,3
Customer,97816,3
Customer,44310,3
Customer,28226,3
Customer,68239,3
Customer,19046,3
Customer,4817,3
Customer,84601,3
Customer,48439,3
Customer,18929,3
Customer,47304,3
Customer,92614,3
Customer,22301,3
Customer,33315,3
Customer,92401,3
Customer,87108,3
Customer,55414,3
Customer,22153,3
Customer,90402,3
Customer,96062,3
Customer,19118,3
Customer,19425,3
Customer,94847,3
Customer,77401,3
Customer,87529,3
Customer,94555,3
Customer,55409,3
Customer,78155,3
Customer,10280,3
Customer,95602,3
Customer,37073,3
Customer,5055,3
Customer,31675,3
Customer,18966,3
Customer,19333,3
Customer,6854,3
Customer,11724,3
Customer,77063,3
Customer,63108,3
Customer,95959,3
Customer,90042,3
Customer,6853,3
Customer,46202,3
Customer,95603,3
Customer,75604,3
Customer,90045,3
Customer,11209,3
Customer,20904,3
Customer,71105,3
Customer,23185,3
Customer,90808,3
Customer,92346,3
Customer,10435,3
Customer,33602,3
Customer,83404,3
Customer,91754,3
Customer,98403,3
Customer,7726,3
Customer,33014,3
Customer,83702,3
Customer,8816,3
Customer,2026,3
Customer,5003,3
Customer,27516,3
Customer,7450,3
Customer,32828,3
Customer,97035,3
Customer,6057,3
Customer,95519,3
Customer,85284,3
Customer,90039,3
Customer,90010,3
Customer,96814,3
Customer,1921,3
Customer,77640,3
Customer,89449,3
Customer,8092,3
Customer,11214,3
Customer,7650,3
Customer,20817,3
Customer,83709,3
Customer,85302,3
Customer,51501,3
Customer,55082,3
Customer,8854,3
Customer,43214,3
Customer,2482,3
Customer,94581,3
Customer,27707,3
Customer,48035,3
Customer,33166,3
Customer,32960,3
Customer,63103,3
Customer,7304,3
Customer,93311,3
Customer,48104,3
Customer,61820,3
Customer,2135,3
Customer,6151,3
Customer,78737,2
Customer,78645,2
Customer,91724,2
Customer,63101,2
Customer,45101,2
Customer,21218,2
Customer,2806,2
Customer,78745,2
Customer,84025,2
Customer,30900,2
Customer,98133,2
Customer,48326,2
Customer,84098,2
Customer,50969,2
Subscriber,94662,2
Customer,2000,2
Customer,10031,2
Customer,30060,2
Customer,97333,2
Customer,10005,2
Customer,31005,2
Customer,10473,2
Customer,49008,2
Customer,79254,2
Customer,21204,2
Customer,93035,2
Customer,6385,2
Customer,1661,2
Customer,2112,2
Customer,22750,2
Customer,11001,2
Customer,44144,2
Customer,47408,2
Customer,11515,2
Customer,80829,2
Customer,94155,2
Customer,60537,2
Customer,20854,2
Customer,14482,2
Customer,5702,2
Customer,13202,2
Customer,91306,2
Customer,80516,2
Customer,81657,2
Customer,9412,2
Customer,81612,2
Customer,89502,2
Customer,80401,2
Customer,60424,2
Customer,47121,2
Customer,11467,2
Customer,43026,2
Customer,2110,2
Customer,19002,2
Customer,95834,2
Subscriber,92866,2
Customer,14000,2
Customer,33132,2
Customer,6459,2
Customer,92178,2
Customer,23113,2
Customer,8884,2
Customer,97402,2
Customer,4250,2
Customer,19465,2
Customer,27798,2
Customer,48356,2
Customer,94963,2
Customer,12561,2
Customer,84049,2
Customer,90062,2
Customer,98107,2
Customer,85750,2
Customer,34228,2
Customer,33498,2
Customer,85635,2
Customer,90265,2
Customer,45255,2
Customer,32257,2
Customer,87018,2
Customer,94309,2
Customer,95605,2
Customer,93301,2
Customer,81401,2
Customer,78244,2
Customer,36854,2
Customer,3033,2
Customer,18507,2
Customer,85016,2
Customer,77382,2
Customer,92832,2
Customer,47089,2
Customer,75088,2
Customer,27518,2
Customer,38179,2
Customer,60605,2
Customer,2481,2
Customer,1982,2
Customer,2332,2
Customer,94302,2
Customer,48203,2
Customer,25822,2
Customer,37047,2
Customer,92570,2
Customer,32669,2
Customer,32726,2
Customer,89148,2
Customer,85310,2
Customer,85716,2
Customer,91364,2
Customer,98001,2
Customer,77449,2
Customer,31210,2
Customer,20650,2
Customer,8205,2
Customer,95000,2
Customer,98012,2
Customer,33566,2
Customer,33701,2
Customer,91775,2
Customer,33305,2
Customer,3186,2
Customer,7011,2
Customer,6473,2
Customer,2420,2
Customer,43228,2
Customer,34110,2
Customer,62645,2
Customer,1073,2
Customer,68132,2
Customer,19470,2
Customer,35475,2
Customer,22307,2
Customer,33196,2
Customer,25560,2
Customer,85012,2
Customer,6903,2
Customer,90422,2
Customer,84010,2
Customer,33141,2
Customer,91301,2
Customer,9400,2
Customer,2879,2
Customer,98027,2
Customer,95158,2
Customer,12590,2
Customer,21231,2
Customer,61615,2
Customer,1852,2
Customer,8024,2
Customer,75006,2
Customer,4054,2
Customer,58701,2
Customer,55443,2
Customer,9106,2
Customer,98092,2
Customer,91352,2
Customer,93277,2
Customer,9340,2
Customer,49109,2
Customer,50632,2
Customer,2602,2
Customer,2748,2
Customer,11714,2
Customer,9406,2
Customer,6073,2
Customer,85718,2
Customer,94075,2
Customer,94931,2
Customer,33613,2
Customer,34209,2
Customer,75039,2
Customer,29907,2
Customer,1166,2
Customer,95018,2
Customer,83860,2
Customer,6020,2
Customer,48377,2
Customer,32825,2
Customer,3218,2
Customer,60174,2
Customer,95166,2
Customer,8510,2
Customer,99347,2
Customer,47800,2
Customer,7036,2
Customer,11570,2
Customer,44864,2
Customer,33176,2
Customer,91773,2
Customer,19096,2
Customer,70401,2
Customer,8083,2
Customer,61752,2
Customer,60139,2
Customer,37203,2
Customer,81739,2
Customer,8545,2
Customer,97520,2
Customer,14052,2
Customer,48390,2
Customer,7109,2
Customer,20165,2
Customer,33144,2
Customer,1721,2
Customer,19047,2
Customer,50310,2
Customer,75281,2
Customer,33326,2
Customer,93033,2
Customer,22601,2
Customer,91304,2
Customer,80220,2
Customer,83843,2
Customer,44080,2
Customer,94990,2
Customer,78628,2
Customer,7042,2
Customer,1326,2
Customer,91360,2
Customer,37204,2
Customer,10591,2
Customer,11249,2
Customer,66207,2
Customer,18612,2
Customer,43055,2
Customer,68106,2
Customer,27517,2
Customer,95209,2
Customer,10437,2
Customer,23662,2
Customer,75238,2
Customer,50263,2
Customer,45440,2
Customer,19711,2
Customer,44106,2
Customer,2536,2
Customer,33180,2
Customer,28199,2
Customer,78252,2
Customer,53714,2
Customer,11221,2
Customer,27606,2
Customer,10522,2
Customer,78665,2
Customer,17543,2
Customer,3400,2
Customer,85705,2
Customer,53590,2
Customer,77098,2
Customer,72150,2
Customer,94039,2
Customer,80123,2
Customer,60056,2
Customer,1207,2
Customer,90095,2
Customer,80246,2
Customer,65804,2
Customer,73034,2
Customer,21701,2
Customer,7029,2
Customer,2081,2
Customer,55126,2
Customer,21020,2
Customer,37215,2
Customer,97266,2
Customer,88212,2
Customer,27403,2
Customer,98258,2
Customer,50014,2
Customer,90650,2
Customer,96067,2
Customer,19041,2
Customer,80021,2
Customer,3195,2
Customer,15216,2
Customer,4921,2
Customer,92110,2
Customer,14169,2
Customer,29732,2
Customer,27701,2
Customer,61107,2
Customer,15143,2
Customer,93003,2
Customer,71573,2
Customer,29407,2
Customer,20914,2
Customer,3770,2
Customer,11755,2
Customer,14901,2
Customer,12413,2
Customer,33805,2
Customer,8073,2
Customer,2210,2
Customer,97501,2
Customer,94011,2
Customer,32878,2
Customer,94144,2
Customer,34120,2
Customer,8402,2
Customer,95304,2
Customer,77802,2
Customer,70119,2
Customer,49445,2
Customer,80218,2
Customer,60098,2
Customer,92835,2
Customer,85007,2
Customer,68102,2
Customer,95482,2
Customer,10804,2
Customer,83814,2
Customer,93105,2
Customer,20152,2
Customer,84106,2
Customer,94148,2
Customer,14606,2
Customer,94580,2
Customer,1325,2
Customer,61821,2
Customer,45227,2
Customer,90720,2
Customer,91761,2
Customer,10595,2
Customer,7307,2
Customer,50118,2
Customer,2493,2
Customer,75206,2
Customer,91710,2
Customer,37135,2
Customer,1058,2
Customer,4092,2
Customer,34239,2
Customer,94106,2
Customer,5443,2
Customer,92805,2
Customer,35096,2
Customer,62650,2
Customer,11560,2
Customer,11767,2
Customer,8045,2
Customer,83642,2
Customer,30345,2
Customer,60202,2
Customer,11354,2
Customer,91732,2
Customer,49401,2
Customer,80223,2
Customer,96717,2
Customer,95005,2
Customer,99507,2
Customer,8109,2
Customer,73175,2
Customer,2492,2
Customer,95757,2
Customer,90232,2
Customer,53203,2
Customer,53719,2
Customer,1417,2
Customer,83022,2
Customer,8700,2
Customer,95106,2
Customer,92056,2
Customer,91325,2
Customer,33021,2
Customer,80469,2
Customer,10536,2
Customer,92707,2
Customer,92105,2
Customer,3832,2
Customer,2163,2
Customer,48306,2
Customer,70117,2
Customer,60137,2
Customer,99523,2
Customer,78681,2
Customer,55444,2
Customer,6770,2
Customer,94942,2
Customer,94006,2
Customer,33778,2
Customer,65802,2
Customer,99517,2
Customer,25120,2
Customer,94492,2
Customer,22039,2
Customer,88451,2
Customer,94141,2
Customer,20097,2
Customer,11225,2
Customer,3810,2
Customer,3070,2
Customer,8822,2
Customer,98020,2
Customer,43016,2
Customer,2461,2
Customer,6831,2
Customer,22902,2
Customer,98075,2
Customer,7677,2
Customer,55124,2
Customer,1018,2
Customer,77355,2
Customer,27549,2
Customer,64436,2
Customer,13203,2
Customer,3049,2
Customer,98682,2
Customer,52066,2
Customer,92831,2
Customer,99515,2
Customer,60043,2
Customer,2151,2
Customer,80337,2
Customer,95061,2
Customer,92673,2
Customer,85283,2
Customer,52240,2
Customer,92131,2
Customer,37235,2
Customer,44118,2
Customer,62301,2
Customer,80100,2
Customer,60707,2
Customer,37663,2
Customer,1770,2
Customer,78132,2
Customer,32030,2
Customer,87105,2
Customer,95691,2
Customer,38117,2
Customer,3087,2
Customer,32937,2
Customer,70178,2
Customer,98662,2
Customer,92675,2
Customer,85226,2
Customer,33433,2
Customer,49007,2
Customer,42223,2
Customer,92604,2
Customer,2056,2
Customer,32934,2
Customer,75225,2
Customer,77036,2
Customer,95101,2
Customer,83648,2
Customer,78731,2
Customer,75023,2
Customer,77053,2
Customer,95648,2
Customer,63808,2
Customer,98053,2
Customer,95073,2
Customer,1826,2
Customer,97213,2
Customer,22205,2
Customer,98311,2
Customer,97005,2
Customer,29200,2
Customer,75214,2
Customer,32032,2
Customer,75013,2
Customer,19342,2
Customer,76804,2
Customer,81377,2
Customer,91602,2
Customer,89451,2
Customer,92647,2
Customer,32503,2
Customer,92020,2
Customer,55454,2
Customer,45040,2
Customer,89107,2
Customer,28277,2
Customer,55304,2
Customer,75231,2
Customer,49518,2
Customer,45039,2
Customer,3065,2
Customer,33327,2
Customer,77494,2
Customer,89135,2
Customer,37421,2
Customer,91706,2
Customer,92069,2
Customer,77027,2
Customer,95405,2
Customer,78412,2
Customer,10075,2
Customer,77049,2
Customer,98039,2
Customer,73112,2
Customer,64081,2
Customer,6430,2
Customer,97331,2
Customer,7320,2
Customer,96007,2
Customer,80918,2
Customer,93654,2
Customer,19023,2
Customer,7040,2
Customer,33019,2
Customer,44241,2
Customer,93460,2
Customer,95338,2
Customer,83705,2
Customer,38120,2
Customer,94953,2
Customer,6443,2
Customer,6604,2
Customer,61239,2
Customer,30087,2
Customer,7652,2
Customer,63105,2
Customer,60596,2
Customer,98329,2
Customer,19146,2
Customer,11218,2
Customer,98134,2
Customer,1054,2
Customer,28601,2
Customer,37411,2
Customer,4105,2
Customer,34637,2
Customer,92841,2
Customer,8005,2
Customer,45140,2
Customer,60118,2
Customer,89448,2
Customer,93464,2
Customer,7666,2
Customer,70810,2
Customer,90606,2
Customer,6245,2
Customer,11000,2
Customer,78543,2
Customer,6606,2
Customer,90491,2
Customer,80302,2
Customer,15206,2
Customer,29464,2
Customer,96821,2
Customer,55419,2
Customer,2108,2
Customer,2131,2
Customer,92307,2
Customer,8525,2
Customer,93101,2
Customer,28260,2
Customer,40723,2
Customer,9424,2
Customer,32750,2
Customer,93250,2
Customer,8049,2
Customer,19107,2
Customer,97219,2
Customer,12603,2
Customer,95160,2
Customer,95004,2
Customer,57319,2
Customer,27612,2
Customer,30062,2
Customer,60523,2
Customer,28037,2
Customer,89701,2
Customer,9407,2
Subscriber,7747,2
Customer,80424,2
Customer,14830,2
Customer,98466,2
Customer,86336,2
Customer,92503,2
Customer,83646,2
Customer,53597,2
Customer,55407,2
Customer,9115,2
Customer,43202,2
Customer,1002,2
Customer,77205,2
Customer,3030,2
Customer,2107,2
Customer,10314,2
Customer,98611,2
Customer,81667,2
Customer,95758,2
Customer,95095,2
Customer,98034,2
Customer,80126,2
Customer,92620,2
Customer,80634,2
Customer,6419,2
Customer,2012,2
Customer,5008,2
Customer,5415,2
Customer,92315,2
Customer,14586,2
Customer,92690,2
Customer,5075,2
Customer,6035,2
Customer,4517,2
Customer,30033,2
Customer,5120,2
Customer,30312,2
Customer,74104,2
Customer,10512,2
Customer,32836,2
Customer,45209,2
Customer,1022,2
Customer,86001,2
Customer,94520,2
Customer,92692,2
Customer,87557,2
Customer,19038,2
Customer,95630,2
Customer,4665,2
Customer,55350,2
Customer,37209,2
Customer,20251,2
Customer,92679,2
Customer,30096,2
Customer,77019,1
Customer,10035,1
Customer,47905,1
Customer,55108,1
Customer,4118,1
Customer,17042,1
Customer,92782,1
Customer,78723,1
Customer,94574,1
Customer,53819,1
Customer,98374,1
Customer,60130,1
Customer,99577,1
Customer,88310,1
Customer,98136,1
Customer,98612,1
Customer,20045,1
Customer,91910,1
Customer,94801,1
Customer,23059,1
Customer,9610,1
Customer,8901,1
Customer,10994,1
Customer,20171,1
Customer,77043,1
Customer,98059,1
Customer,6525,1
Customer,63123,1
Customer,53575,1
Customer,6614,1
Customer,77041,1
Customer,73550,1
Customer,22767,1
Customer,33312,1
Customer,38440,1
Customer,8861,1
Customer,80228,1
Customer,30044,1
Customer,59105,1
Customer,97702,1
Customer,75252,1
Customer,20886,1
Customer,97405,1
Customer,95568,1
Customer,14060,1
Customer,2574,1
Customer,91120,1
Customer,3013,1
Customer,2523,1
Customer,60010,1
Customer,4066,1
Customer,32250,1
Customer,20170,1
Customer,55404,1
Customer,7001,1
Customer,95460,1
Customer,90280,1
Customer,43113,1
Customer,85708,1
Customer,35401,1
Customer,12302,1
Customer,85817,1
Customer,77340,1
Customer,19125,1
Customer,83720,1
Customer,9418,1
Customer,27712,1
Customer,29601,1
Customer,85254,1
Customer,45244,1
Customer,21214,1
Customer,78748,1
Customer,85054,1
Customer,2025,1
Customer,94192,1
Customer,42203,1
Customer,31523,1
Customer,60604,1
Customer,4390,1
Customer,89138,1
Customer,7024,1
Customer,80020,1
Customer,98225,1
Customer,33477,1
Customer,28117,1
Customer,95107,1
Customer,66213,1
Customer,55104,1
Customer,32164,1
Customer,10467,1
Customer,79245,1
Customer,77253,1
Customer,11109,1
Customer,7076,1
Customer,3431,1
Customer,8307,1
Customer,2130,1
Customer,5024,1
Customer,2186,1
Customer,82166,1
Customer,48126,1
Customer,77077,1
Customer,90638,1
Customer,28005,1
Customer,90502,1
Customer,7920,1
Customer,83201,1
Customer,1180,1
Customer,48127,1
Customer,33442,1
Customer,97607,1
Customer,40509,1
Customer,32225,1
Customer,48118,1
Customer,77112,1
Subscriber,95073,1
Customer,72555,1
Customer,80482,1
Customer,1082,1
Customer,10000,1
Customer,36037,1
Customer,77030,1
Customer,45236,1
Customer,20187,1
Customer,1242,1
Customer,77406,1
Customer,94458,1
Customer,97220,1
Customer,9516,1
Customer,80207,1
Customer,49015,1
Customer,77584,1
Customer,55901,1
Customer,80231,1
Customer,99501,1
Customer,76148,1
Customer,27703,1
Customer,47906,1
Customer,48307,1
Customer,66044,1
Customer,91335,1
Customer,10309,1
Customer,87031,1
Customer,33017,1
Customer,53406,1
Customer,74105,1
Customer,7600,1
Customer,11011,1
Customer,98506,1
Customer,91005,1
Customer,48120,1
Customer,8550,1
Customer,98563,1
Customer,90805,1
Customer,22034,1
Customer,45219,1
Customer,20186,1
Customer,20112,1
Customer,95624,1
Customer,1025,1
Customer,34689,1
Customer,3109,1
Customer,73127,1
Customer,50701,1
Customer,92031,1
Customer,27401,1
Customer,89178,1
Customer,12040,1
Customer,85008,1
Customer,31952,1
Customer,7860,1
Customer,23237,1
Customer,7311,1
Customer,19382,1
Customer,30102,1
Customer,97401,1
Customer,94180,1
Customer,94603,1
Customer,85200,1
Customer,80537,1
Customer,45066,1
Customer,60001,1
Customer,30152,1
Customer,46703,1
Customer,2169,1
Customer,92672,1
Customer,33629,1
Customer,80237,1
Customer,27616,1
Customer,33431,1
Customer,94966,1
Customer,7922,1
Customer,85086,1
Customer,94825,1
Customer,11385,1
Subscriber,90404,1
Customer,92591,1
Customer,95236,1
Customer,22206,1
Customer,91350,1
Customer,64108,1
Customer,95006,1
Customer,94524,1
Customer,95446,1
Customer,92112,1
Customer,2467,1
Customer,9110,1
Customer,95056,1
Customer,89121,1
Customer,94954,1
Customer,17267,1
Customer,63122,1
Customer,19063,1
Customer,6117,1
Customer,21144,1
Customer,95454,1
Customer,10562,1
Customer,27587,1
Customer,23693,1
Customer,9112,1
Customer,1708,1
Customer,18902,1
Customer,33146,1
Customer,96150,1
Customer,21714,1
Customer,79423,1
Customer,85712,1
Customer,11733,1
Customer,60527,1
Customer,7738,1
Customer,30318,1
Customer,90031,1
Customer,85249,1
Customer,49630,1
Customer,91731,1
Customer,91101,1
Customer,11219,1
Customer,67156,1
Customer,20359,1
Customer,89512,1
Customer,95661,1
Customer,97027,1
Customer,96818,1
Customer,28750,1
Customer,82290,1
Customer,2840,1
Customer,96779,1
Customer,8166,1
Customer,19460,1
Customer,97229,1
Customer,91320,1
Customer,78219,1
Customer,48082,1
Customer,44023,1
Customer,95009,1
Customer,27519,1
Customer,58601,1
Customer,95301,1
Customer,6479,1
Customer,63367,1
Customer,33027,1
Customer,98011,1
Customer,46203,1
Customer,91502,1
Customer,64083,1
Customer,4415,1
Customer,22147,1
Customer,22304,1
Customer,23223,1
Subscriber,20005,1
Customer,28203,1
Customer,2061,1
Customer,98800,1
Customer,61350,1
Customer,93305,1
Customer,9134,1
Customer,2038,1
Customer,92083,1
Customer,57006,1
Customer,10640,1
Customer,96069,1
Customer,91792,1
Customer,19130,1
Customer,96837,1
Customer,7974,1
Customer,52411,1
Customer,2052,1
Customer,54843,1
Customer,77087,1
Customer,98204,1
Customer,1810,1
Customer,60022,1
Customer,77391,1
Customer,8012,1
Customer,27608,1
Customer,94037,1
Customer,67000,1
Customer,5617,1
Customer,4075,1
Customer,60600,1
Customer,91408,1
Customer,10472,1
Customer,53092,1
Customer,98312,1
Customer,73505,1
Customer,97075,1
Customer,7026,1
Customer,98325,1
Customer,90603,1
Customer,74008,1
Customer,94950,1
Customer,96310,1
Customer,31401,1
Customer,96819,1
Customer,2570,1
Customer,94000,1
Customer,98070,1
Customer,7728,1
Customer,14210,1
Customer,79935,1
Customer,28202,1
Customer,83200,1
Customer,5057,1
Customer,8552,1
Customer,91741,1
Customer,95504,1
Customer,64152,1
Customer,28290,1
Customer,91127,1
Customer,22761,1
Customer,7758,1
Customer,35405,1
Customer,60513,1
Customer,90038,1
Customer,44240,1
Customer,11379,1
Customer,78666,1
Customer,32907,1
Customer,11213,1
Customer,89521,1
Customer,5673,1
Customer,1651,1
Customer,48167,1
Customer,7003,1
Customer,50000,1
Customer,59068,1
Customer,21771,1
Customer,43402,1
Customer,41007,1
Customer,37601,1
Customer,4101,1
Customer,9895,1
Customer,99452,1
Customer,7708,1
Subscriber,95156,1
Customer,45241,1
Customer,1754,1
Customer,62035,1
Customer,10282,1
Customer,60175,1
Customer,37919,1
Customer,50225,1
Customer,17033,1
Customer,91447,1
Customer,7746,1
Customer,75224,1
Customer,83616,1
Customer,85296,1
Customer,60048,1
Customer,78653,1
Customer,80238,1
Customer,34236,1
Customer,9408,1
Customer,76051,1
Customer,38000,1
Customer,32073,1
Customer,95510,1
Customer,7000,1
Customer,92804,1
Customer,32696,1
Customer,39057,1
Customer,94682,1
Customer,80403,1
Customer,90068,1
Customer,90015,1
Subscriber,95476,1
Customer,53226,1
Customer,7632,1
Customer,44116,1
Customer,85225,1
Customer,95012,1
Customer,44107,1
Customer,19428,1
Customer,7440,1
Customer,91384,1
Customer,76124,1
Customer,63857,1
Customer,90717,1
Customer,91064,1
Customer,90630,1
Customer,14823,1
Customer,32004,1
Customer,74012,1
Customer,19010,1
Customer,84124,1
Customer,98074,1
Customer,1760,1
Customer,78759,1
Customer,30341,1
Customer,90217,1
Customer,30022,1
Customer,13210,1
Customer,92709,1
Customer,50935,1
Customer,8180,1
Customer,8503,1
Customer,1056,1
Customer,12940,1
Customer,33157,1
Customer,46804,1
Customer,6787,1
Customer,33172,1
Subscriber,91607,1
Customer,22042,1
Customer,91309,1
Customer,3121,1
Customer,98031,1
Customer,89434,1
Customer,2010,1
Customer,49655,1
Customer,93314,1
Customer,71686,1
Customer,83714,1
Customer,98155,1
Customer,72801,1
Customer,99708,1
Customer,90094,1
Customer,78749,1
Customer,56320,1
Customer,35209,1
Customer,99669,1
Customer,97403,1
Customer,37916,1
Customer,98249,1
Customer,60626,1
Customer,84176,1
Customer,27023,1
Customer,77009,1
Customer,1730,1
Customer,1010,1
Customer,10970,1
Customer,65044,1
Customer,60619,1
Customer,87106,1
Customer,81645,1
Customer,33603,1
Customer,38109,1
Customer,41040,1
Customer,85719,1
Customer,84939,1
Customer,7960,1
Customer,76102,1
Customer,92603,1
Customer,1453,1
Customer,95351,1
Customer,48192,1
Customer,20511,1
Customer,95582,1
Customer,36830,1
Customer,6851,1
Customer,8840,1
Customer,48236,1
Customer,94068,1
Customer,86157,1
Customer,20004,1
Customer,38444,1
Customer,91755,1
Customer,45223,1
Customer,9431,1
Customer,80015,1
Customer,80526,1
Customer,64701,1
Customer,6000,1
Customer,95670,1
Customer,35240,1
Customer,7079,1
Customer,34990,1
Customer,3514,1
Customer,1075,1
Customer,92649,1
Customer,59601,1
Customer,44113,1
Customer,94862,1
Customer,55125,1
Customer,6284,1
Customer,1085,1
Customer,78703,1
Customer,35650,1
Customer,91343,1
Customer,11365,1
Customer,19128,1
Customer,9609,1
Customer,41006,1
Customer,94064,1
Customer,49505,1
Subscriber,2138,1
Customer,21478,1
Customer,93907,1
Customer,30306,1
Customer,93922,1
Customer,79910,1
Customer,90701,1
Customer,92075,1
Customer,98236,1
Customer,19608,1
Customer,30067,1
Customer,32801,1
Customer,94081,1
Customer,20910,1
Customer,9003,1
Customer,83014,1
Customer,1030,1
Customer,77339,1
Customer,32579,1
Customer,99202,1
Customer,19067,1
Customer,91787,1
Customer,35244,1
Customer,3100,1
Customer,6850,1
Customer,4020,1
Customer,92670,1
Customer,1908,1
Customer,98230,1
Customer,20135,1
Customer,6212,1
Customer,4010,1
Customer,55403,1
Customer,94050,1
Customer,18036,1
Customer,6202,1
Customer,6840,1
Customer,92869,1
Customer,83864,1
Customer,21147,1
Customer,95064,1
Customer,33405,1
Customer,11244,1
Customer,33609,1
Customer,33617,1
Customer,53122,1
Customer,77706,1
Customer,52101,1
Customer,22315,1
Customer,75016,1
Customer,84579,1
Customer,1009,1
Customer,91099,1
Customer,66049,1
Customer,5038,1
Customer,63755,1
Customer,32940,1
Customer,22889,1
Customer,46590,1
Customer,45208,1
Customer,78254,1
Customer,21230,1
Customer,53211,1
Customer,53240,1
Customer,55435,1
Customer,22101,1
Customer,1247,1
Customer,11566,1
Customer,12508,1
Customer,27104,1
Customer,10567,1
Customer,3018,1
Customer,95367,1
Customer,75226,1
Customer,2641,1
Customer,24060,1
Customer,7018,1
Customer,9103,1
Customer,94440,1
Customer,8311,1
Customer,92078,1
Customer,63119,1
Customer,74016,1
Customer,1938,1
Customer,6113,1
Customer,97124,1
Customer,5461,1
Customer,60637,1
Customer,95155,1
Customer,21797,1
Customer,33483,1
Customer,33803,1
Customer,14199,1
Customer,40356,1
Customer,95492,1
Customer,55455,1
Subscriber,43054,1
Customer,95043,1
Customer,36695,1
Customer,19083,1
Customer,70079,1
Customer,80106,1
Customer,66102,1
Customer,92845,1
Customer,1428,1
Customer,30097,1
Customer,59801,1
Customer,2035,1
Customer,91709,1
Customer,76107,1
Customer,80109,1
Customer,77079,1
Customer,32751,1
Customer,60025,1
Customer,43139,1
Customer,11520,1
Customer,36527,1
Customer,96753,1
Customer,64912,1
Customer,6888,1
Customer,90601,1
Customer,8857,1
Customer,5420,1
Customer,89103,1
Customer,49686,1
Customer,31522,1
Customer,98066,1
Customer,61761,1
Customer,2200,1
Customer,95205,1
Customer,40031,1
Customer,10506,1
Customer,2230,1
Customer,1610,1
Customer,6043,1
Customer,58553,1
Customer,9409,1
Customer,94182,1
Customer,10465,1
Customer,97227,1
Customer,75204,1
Customer,63366,1
Customer,90077,1
Customer,90102,1
Customer,48201,1
Customer,96714,1
Customer,7015,1
Customer,90002,1
Customer,33637,1
Customer,90706,1
Customer,4314,1
Customer,19064,1
Customer,2171,1
Customer,8094,1
Customer,95045,1
Customer,76034,1
Customer,78248,1
Customer,90740,1
Customer,96761,1
Customer,95678,1
Customer,92123,1
Customer,77990,1
Customer,96734,1
Customer,77042,1
Customer,91784,1
Customer,78739,1
Customer,1027,1
Customer,91204,1
Customer,3042,1
Customer,6405,1
Customer,65201,1
Customer,50327,1
Customer,44637,1
Customer,85209,1
Customer,55423,1
Customer,95391,1
Customer,81611,1
Customer,10805,1
Customer,91390,1
Customer,92545,1
Customer,95366,1
Customer,22901,1
Customer,90041,1
Customer,91977,1
Customer,6835,1
Customer,9413,1
Customer,33903,1
Customer,91413,1
Customer,9070,1
Customer,15202,1
Customer,33761,1
Customer,3620,1
Customer,91331,1
Customer,94140,1
Customer,8708,1
Customer,11710,1
Customer,37100,1
Customer,93422,1
Customer,34220,1
Customer,7474,1
Customer,63104,1
Customer,61568,1
Customer,94164,1
Customer,30188,1
Customer,32459,1
Customer,98198,1
Subscriber,94107-3471,1
Customer,47070,1
Customer,97109,1
Customer,20099,1
Customer,7530,1
Customer,7043,1
Customer,4074,1
Customer,72761,1
Customer,20901,1
Customer,11581,1
Customer,94120,1
Customer,55076,1
Customer,22046,1
Customer,78258,1
Customer,5154,1
Customer,7203,1
Customer,4930,1
Customer,46140,1
Customer,60660,1
Customer,76226,1
Customer,5503,1
Customer,98390,1
Customer,37351,1
Customer,93036,1
